d1c52b03-6002-4f25-bb28-84fc4344ac6f,Imanity Scans
5fa94491-6f6f-4d53-b8ff-4a4967ac40b5,Kirei Cake
3e4acb6e-fcd2-4e29-88b4-a26da1ad6cd6,(Insert Name Here) Scanlations
7b5fd6c0-fbd5-4908-a16d-79cc43c7507c,Heroz Scanlations
eeb0085a-2aaf-47c7-a411-ae341bc4be43,Cookie Jar
04c47a75-0006-478e-bc1a-bd163dd92423,Yuri Project
4d41149e-0ec8-4846-82a2-88d112b9dffa,TSP
23e9ae34-f9f2-42bb-ae7b-a4a2e4d138d0,Purple Cress
93535b66-1e06-47af-b8e1-416cdc2a282e,Dekinai Scans
cd2b6a0e-bd86-4a48-b9d0-904d6335fc8d,Asura
fdad9851-164f-43fc-9ab0-25b8054c99ed,Flame Scans
102a2c60-839f-4ef3-bc66-63144eb47eb5,WDWeebtoons
8f0839fa-09b6-41f9-830a-834d342e10df,hidamari
08a982a9-5991-4e8a-a56e-1b51a865fb3b,Saving your tooches since 2k19
fb1b50fb-8936-4e2e-badd-a741abcf08f5,Renzokusei Scans
d81ab540-30de-413f-a23f-95bf007e7397,komi-scan wa komyushou desu
29364ddb-262e-4e5a-a779-3a8cd274328e,Muncher Scanlations
67805361-665a-4959-b180-1048180f6105,Eljeks
e2d8e5d2-0145-46f7-8076-d2c1bc1ddffe,Beast's Lair
65767b8f-d281-4ff9-a9c7-95311544e702,Black Cat Scans
f5f83084-ec42-4354-96fd-1b637a89b8b3,Black Cat Scanlations
e95148d2-6d18-407f-aa8e-c187e9a1cb7e,Tanooki
332c5876-fc6f-4ddf-8972-7c58472f3eb0,aumakua
5e7291cc-38fd-4e53-861b-fb681acc7ad3,Blooming Tea Scans
71321300-d76c-4a0f-81a9-84918fc08f06,Mangasushi
2b7cdc4e-9277-4cd0-b049-db00458c125a,NON-STOP^^SCANS
81d866d5-e900-494d-a6dc-8a00283b5c16,display: none;
a1c3fb7c-39e2-439d-b205-c73c00fb5b55,Dicescans
24adf288-d0e3-4d34-b342-bf8c189aacaa,LHTranslation
e906bd0b-f98b-40c1-8ca2-02b5c51b5092,A pair of 2+
eec2372e-b7e9-40cb-a77e-4f87adaf207f,Robo Scans
c99d3a6f-84a7-4ad2-abd2-1599305d57ee,Uxtef's Translations
7297a7c3-afd1-4643-b683-1f3c1e95c822,LynX Scans
7e7db228-2921-4621-988f-0a44be6f1528,Heaven_Uploads
8ec7a994-8050-42b3-be93-4269ef544b62,Maigo
86c31a99-7862-41e3-a11e-d117d56274d0,Valhalla Scanlation
08bc7704-4ab8-4313-9d01-e6f7a225c56e,The Abandoned
145f9110-0a6c-4b71-8737-6acb1a3c5da4,Unknown
49f92445-782d-4879-bdd3-1747dc1aab7a,STALKER Scanlation
f19ee895-ecd8-4061-a655-3d8f5c3aa7df,/a/nonymous
12af330f-a9e0-48fb-bd19-894f0db44699,/u/ Scanlations
183bf088-e992-4409-a609-40b670006531,Soseki Scans
4333559f-4785-47e3-9ef4-4058bf33c67e,Oche's Brigade
6592bb7e-c2de-463c-a370-14cdcded1248,Kings & Queens
4f33fca6-3c94-4cb8-b78e-b4839ae6f6b1,Wakga
b10d6384-806e-4dfb-90d5-9ae207ac3039,"Альянс ""Кустарников"""
456d7cd7-3125-48b0-af91-0a4c1071528c,kyuusarii
3c5cd0d7-24b2-4545-b3b3-9dd2ec48d40e,Fire Syndicate
958beca1-f584-4a5a-926c-e7894f31d9b1,Infrequent scans
36aab0a2-0679-4daa-86dc-87d7d983b6cc,Orchid of the Moon
6a394d25-2864-49fb-9cdb-023841b424df,Kuma Translation
3ff9aa71-bddb-4b20-b6ec-8dd2bf858448,kumakumakugroup
8f114007-3e44-4321-aaf5-c8f67c53c945,Failure at Grammar
ab24085f-b16c-4029-8c05-38fe16592a85,Galaxy Degen Scans
6d3bc214-86c8-471c-bdaa-fae0ccc67f47,Piranhaplant
a37dbc2c-188b-416b-864c-9c1c73dfc758,Group 01000001
9fd251e0-b137-42a7-9915-889e7f18f780,Yuri Ichigo
9b7648c5-4d4d-4c71-80ec-d4f3d81cf636,Fap It Scans
00e03853-1b96-4f41-9542-c71b8692033b,no group
1f2b6cbe-4b3a-47fc-93e9-3c6130a1ca2f,bambi scans
3ab9b215-4b05-4f10-bd1d-56bcf3b4f182,Thousand Lilies
1616adca-e6fc-4044-b2cf-e5ddca056d08,Eraser-kun Scans
1cd9eb0c-9dae-4b46-8f7f-e8af47e8759f,Chads no Teikoku
edbf048f-2a24-4986-9dd5-cf12503f5a06,mycropen
0d71585f-a459-4ffb-a72d-9458ee703c69,Leveler Scans
1c6c7c4e-5fa4-45ce-aa4e-7f5944035074,Cyan Steam
0b870e54-c75f-4d2e-8068-c40f939135fd,Kredim
9c89b77b-5dc4-41f5-bb61-72304d68ee08,Rakuen Translations
a55a2651-b040-45fd-9f00-4494d6e0ebc6,Anitation arts
d99637fa-a3bb-4f4b-9135-cfb7fb958b49,Sleep Deprived Scans
6ba04c4e-36d2-4e5d-b1a2-390a7656b24c,SlayerScans
40f4191d-b183-48a2-8d38-424b28d706e5,The Misfits Squadron
6b27f0ac-8ed1-45af-a24a-1a4246ec6305,CClaw Translation
2d14622a-b2e8-4ebd-9409-2bead83f2cbf,Skeleton Warriors
8f4e7db8-05a1-4cee-b09d-b609cc2ffb6b,Hatch Potch Cafe
